{
  "total_node_types": 430,
  "most_used_nodes": [
    [
      "n8n-nodes-base.stickyNote",
      4627
    ],
    [
      "n8n-nodes-base.set",
      1662
    ],
    [
      "n8n-nodes-base.httpRequest",
      1368
    ],
    [
      "n8n-nodes-base.code",
      732
    ],
    [
      "n8n-nodes-base.if",
      725
    ],
    [
      "n8n-nodes-base.manualTrigger",
      614
    ],
    [
      "@n8n/n8n-nodes-langchain.lmChatOpenAi",
      461
    ],
    [
      "n8n-nodes-base.telegram",
      377
    ],
    [
      "n8n-nodes-base.googleSheets",
      357
    ],
    [
      "@n8n/n8n-nodes-langchain.agent",
      335
    ],
    [
      "n8n-nodes-base.merge",
      334
    ],
    [
      "n8n-nodes-base.noOp",
      248
    ],
    [
      "n8n-nodes-base.webhook",
      245
    ],
    [
      "n8n-nodes-base.googleDrive",
      227
    ],
    [
      "n8n-nodes-base.scheduleTrigger",
      226
    ],
    [
      "n8n-nodes-base.gmail",
      223
    ],
    [
      "n8n-nodes-base.switch",
      220
    ],
    [
      "n8n-nodes-base.airtable",
      216
    ],
    [
      "@n8n/n8n-nodes-langchain.openAi",
      206
    ],
    [
      "n8n-nodes-base.respondToWebhook",
      206
    ],
    [
      "n8n-nodes-base.function",
      161
    ],
    [
      "@n8n/n8n-nodes-langchain.chainLlm",
      151
    ],
    [
      "n8n-nodes-base.slack",
      151
    ],
    [
      "@n8n/n8n-nodes-langchain.memoryBufferWindow",
      144
    ],
    [
      "@n8n/n8n-nodes-langchain.lmChatGoogleGemini",
      136
    ],
    [
      "n8n-nodes-base.filter",
      136
    ],
    [
      "@n8n/n8n-nodes-langchain.toolWorkflow",
      134
    ],
    [
      "n8n-nodes-base.splitInBatches",
      132
    ],
    [
      "n8n-nodes-base.aggregate",
      124
    ],
    [
      "@n8n/n8n-nodes-langchain.outputParserStructured",
      117
    ],
    [
      "@n8n/n8n-nodes-langchain.chatTrigger",
      112
    ],
    [
      "n8n-nodes-base.executeWorkflowTrigger",
      108
    ],
    [
      "n8n-nodes-base.notion",
      101
    ],
    [
      "@n8n/n8n-nodes-langchain.embeddingsOpenAi",
      93
    ],
    [
      "n8n-nodes-base.extractFromFile",
      91
    ],
    [
      "n8n-nodes-base.cron",
      90
    ],
    [
      "n8n-nodes-base.telegramTrigger",
      88
    ],
    [
      "n8n-nodes-base.formTrigger",
      82
    ],
    [
      "n8n-nodes-base.html",
      80
    ],
    [
      "n8n-nodes-base.emailSend",
      75
    ],
    [
      "@n8n/n8n-nodes-langchain.toolHttpRequest",
      72
    ],
    [
      "n8n-nodes-base.splitOut",
      70
    ],
    [
      "@n8n/n8n-nodes-langchain.documentDefaultDataLoader",
      64
    ],
    [
      "n8n-nodes-base.postgres",
      62
    ],
    [
      "n8n-nodes-base.executeWorkflow",
      60
    ],
    [
      "n8n-nodes-base.markdown",
      60
    ],
    [
      "n8n-nodes-base.openAi",
      60
    ],
    [
      "n8n-nodes-base.convertToFile",
      59
    ],
    [
      "n8n-nodes-base.n8n",
      58
    ],
    [
      "n8n-nodes-base.itemLists",
      57
    ]
  ],
  "node_usage": {
    "n8n-nodes-base.activeCampaignTrigger": 1,
    "n8n-nodes-base.stickyNote": 4627,
    "n8n-nodes-base.gmailTrigger": 42,
    "n8n-nodes-base.gmail": 223,
    "@n8n/n8n-nodes-langchain.chainLlm": 151,
    "@n8n/n8n-nodes-langchain.lmChatOpenAi": 461,
    "@n8n/n8n-nodes-langchain.outputParserStructured": 117,
    "n8n-nodes-base.set": 1662,
    "n8n-nodes-base.splitOut": 70,
    "n8n-nodes-base.merge": 334,
    "n8n-nodes-base.aggregate": 124,
    "n8n-nodes-base.telegramTrigger": 88,
    "@n8n/n8n-nodes-langchain.openAi": 206,
    "n8n-nodes-base.telegram": 377,
    "@n8n/n8n-nodes-langchain.agent": 335,
    "@n8n/n8n-nodes-langchain.memoryBufferWindow": 144,
    "@n8n/n8n-nodes-langchain.chatTrigger": 112,
    "n8n-nodes-base.executeWorkflowTrigger": 108,
    "n8n-nodes-base.switch": 220,
    "n8n-nodes-base.if": 725,
    "@n8n/n8n-nodes-langchain.toolWorkflow": 134,
    "@n8n/n8n-nodes-langchain.toolCode": 11,
    "n8n-nodes-base.airtable": 216,
    "n8n-nodes-base.httpRequest": 1368,
    "n8n-nodes-klicktipp.klicktipp": 25,
    "n8n-nodes-base.jotFormTrigger": 1,
    "n8n-nodes-base.webhook": 245,
    "n8n-nodes-base.typeformTrigger": 17,
    "n8n-nodes-base.executeWorkflow": 60,
    "@n8n/n8n-nodes-langchain.lmChatAzureOpenAi": 5,
    "n8n-nodes-base.googleSheets": 357,
    "@n8n/n8n-nodes-langchain.openAiAssistant": 2,
    "@n8n/n8n-nodes-langchain.toolCalculator": 28,
    "@n8n/n8n-nodes-langchain.memoryManager": 11,
    "n8n-nodes-base.limit": 40,
    "@n8n/n8n-nodes-langchain.lmChatGoogleGemini": 136,
    "@n8n/n8n-nodes-langchain.toolWikipedia": 17,
    "n8n-nodes-base.airtableTool": 26,
    "n8n-nodes-base.scheduleTrigger": 226,
    "n8n-nodes-base.code": 732,
    "@n8n/n8n-nodes-langchain.outputParserAutofixing": 17,
    "n8n-nodes-base.mindee": 5,
    "n8n-nodes-base.cron": 90,
    "n8n-nodes-base.hackerNews": 5,
    "n8n-nodes-base.function": 161,
    "n8n-nodes-base.lingvaNex": 3,
    "n8n-nodes-base.vonage": 2,
    "n8n-nodes-base.lemlist": 7,
    "n8n-nodes-base.wait": 53,
    "n8n-nodes-base.airtableTrigger": 7,
    "n8n-nodes-base.airtopTool": 5,
    "@n8n/n8n-nodes-langchain.lmChatAnthropic": 14,
    "n8n-nodes-base.formTrigger": 82,
    "n8n-nodes-base.slack": 151,
    "n8n-nodes-base.airtop": 22,
    "n8n-nodes-base.notion": 101,
    "n8n-nodes-base.asana": 8,
    "n8n-nodes-base.asanaTrigger": 2,
    "@n8n/n8n-nodes-langchain.toolHttpRequest": 72,
    "@n8n/n8n-nodes-langchain.toolSerpApi": 7,
    "n8n-nodes-base.awsTranscribe": 3,
    "n8n-nodes-base.awsS3": 8,
    "n8n-nodes-base.googleDriveTrigger": 30,
    "n8n-nodes-base.manualTrigger": 614,
    "n8n-nodes-base.compression": 12,
    "n8n-nodes-base.bitbucketTrigger": 1,
    "@n8n/n8n-nodes-langchain.informationExtractor": 52,
    "@n8n/n8n-nodes-langchain.chainRetrievalQa": 15,
    "@n8n/n8n-nodes-langchain.sentimentAnalysis": 6,
    "@n8n/n8n-nodes-langchain.chainSummarization": 47,
    "@n8n/n8n-nodes-langchain.textClassifier": 32,
    "n8n-nodes-base.bitly": 1,
    "n8n-nodes-base.dropbox": 19,
    "n8n-nodes-base.googleCalendar": 33,
    "n8n-nodes-base.googleDocs": 32,
    "n8n-nodes-base.pushbullet": 1,
    "n8n-nodes-base.youTube": 32,
    "@muench-dev/n8n-nodes-bluesky.bluesky": 1,
    "@watzon/n8n-nodes-perplexity.perplexity": 1,
    "n8n-nodes-elevenlabs.elevenLabs": 1,
    "n8n-nodes-base.reddit": 10,
    "n8n-nodes-base.googleSheetsTrigger": 13,
    "n8n-nodes-base.postgresTool": 19,
    "n8n-nodes-base.redisTool": 1,
    "n8n-nodes-base.emailSendTool": 1,
    "@n8n/n8n-nodes-langchain.toolWolframAlpha": 1,
    "n8n-nodes-base.gmailTool": 46,
    "n8n-nodes-base.googleCalendarTool": 44,
    "n8n-nodes-base.googleDocsTool": 11,
    "n8n-nodes-base.googleSheetsTool": 13,
    "@n8n/n8n-nodes-langchain.documentDefaultDataLoader": 64,
    "@n8n/n8n-nodes-langchain.toolVectorStore": 25,
    "@n8n/n8n-nodes-langchain.vectorStoreInMemory": 12,
    "@n8n/n8n-nodes-langchain.vectorStorePinecone": 29,
    "@n8n/n8n-nodes-langchain.vectorStorePGVector": 7,
    "@n8n/n8n-nodes-langchain.vectorStoreSupabase": 23,
    "@n8n/n8n-nodes-langchain.memoryPostgresChat": 20,
    "@n8n/n8n-nodes-langchain.memoryRedisChat": 7,
    "@n8n/n8n-nodes-langchain.outputParserItemList": 5,
    "@n8n/n8n-nodes-langchain.embeddingsGoogleGemini": 19,
    "@n8n/n8n-nodes-langchain.embeddingsOpenAi": 93,
    "n8n-nodes-base.twitter": 26,
    "n8n-nodes-base.calendlyTrigger": 8,
    "n8n-nodes-base.emailReadImap": 23,
    "n8n-nodes-base.gumroadTrigger": 2,
    "n8n-nodes-base.localFileTrigger": 3,
    "n8n-nodes-base.dateTime": 36,
    "n8n-nodes-base.filter": 136,
    "n8n-nodes-base.removeDuplicates": 10,
    "n8n-nodes-base.summarize": 34,
    "n8n-nodes-base.convertToFile": 59,
    "n8n-nodes-base.extractFromFile": 91,
    "n8n-nodes-base.html": 80,
    "n8n-nodes-base.markdown": 60,
    "n8n-nodes-base.renameKeys": 5,
    "n8n-nodes-base.sort": 29,
    "n8n-nodes-base.splitInBatches": 132,
    "n8n-nodes-base.noOp": 248,
    "n8n-nodes-base.executeCommand": 31,
    "n8n-nodes-base.executionData": 16,
    "n8n-nodes-base.ftp": 7,
    "n8n-nodes-base.respondToWebhook": 206,
    "n8n-nodes-base.rssFeedRead": 31,
    "n8n-nodes-base.aiTransform": 1,
    "@n8n/n8n-nodes-langchain.mcpClientTool": 9,
    "n8n-nodes-base.dropcontact": 4,
    "n8n-nodes-base.mautic": 3,
    "n8n-nodes-base.clearbit": 10,
    "n8n-nodes-base.hubspot": 53,
    "n8n-nodes-base.clickUpTrigger": 2,
    "n8n-nodes-base.notionTrigger": 10,
    "n8n-nodes-base.clickUp": 4,
    "n8n-nodes-base.clockify": 8,
    "n8n-nodes-base.clockifyTrigger": 1,
    "n8n-nodes-base.spotify": 25,
    "n8n-nodes-base.nocoDb": 17,
    "n8n-nodes-base.n8n": 58,
    "n8n-nodes-base.github": 35,
    "n8n-nodes-base.pipedrive": 39,
    "n8n-nodes-base.zendesk": 15,
    "n8n-nodes-base.stripe": 5,
    "n8n-nodes-base.itemLists": 57,
    "n8n-nodes-base.readPDF": 4,
    "n8n-nodes-base.openAi": 60,
    "n8n-nodes-base.googleDrive": 227,
    "n8n-nodes-base.crypto": 15,
    "n8n-nodes-base.postgresTrigger": 1,
    "n8n-nodes-base.linearTrigger": 3,
    "n8n-nodes-base.googleCloudStorage": 2,
    "n8n-nodes-base.emailSend": 75,
    "n8n-nodes-base.form": 53,
    "n8n-nodes-base.graphql": 8,
    "n8n-nodes-base.linear": 8,
    "n8n-nodes-base.todoist": 30,
    "n8n-nodes-base.webflow": 6,
    "n8n-nodes-base.compareDatasets": 8,
    "n8n-nodes-base.readWriteFile": 54,
    "@n8n/n8n-nodes-langchain.textSplitterRecursiveCharacterTextSplitter": 42,
    "@n8n/n8n-nodes-langchain.retrieverVectorStore": 12,
    "n8n-nodes-base.mqtt": 2,
    "n8n-nodes-base.mqttTrigger": 2,
    "n8n-nodes-base.editImage": 37,
    "@n8n/n8n-nodes-langchain.vectorStoreQdrant": 48,
    "n8n-nodes-base.moveBinaryData": 35,
    "n8n-nodes-base.postgres": 62,
    "@n8n/n8n-nodes-langchain.lmChatGroq": 8,
    "n8n-nodes-base.microsoftOutlookTrigger": 7,
    "n8n-nodes-base.jira": 39,
    "n8n-nodes-base.microsoftOutlook": 54,
    "n8n-nodes-base.stravaTrigger": 3,
    "n8n-nodes-base.whatsApp": 27,
    "n8n-nodes-base.ssh": 14,
    "n8n-nodes-base.ghost": 5,
    "@n8n/n8n-nodes-langchain.toolThink": 3,
    "n8n-nodes-base.supabase": 34,
    "@n8n/n8n-nodes-langchain.documentJsonInputLoader": 1,
    "n8n-nodes-base.githubTrigger": 8,
    "n8n-nodes-base.xml": 14,
    "n8n-nodes-mcp.mcpClient": 10,
    "n8n-nodes-base.pipedriveTrigger": 6,
    "n8n-nodes-base.agileCrm": 3,
    "@n8n/n8n-nodes-langchain.lmChatOpenRouter": 24,
    "@n8n/n8n-nodes-langchain.lmChatDeepSeek": 4,
    "n8n-nodes-base.webflowTrigger": 4,
    "n8n-nodes-base.baserow": 11,
    "n8n-nodes-base.googleAnalyticsTool": 2,
    "n8n-nodes-base.quickChart": 4,
    "@n8n/n8n-nodes-langchain.embeddingsMistralCloud": 2,
    "n8n-nodes-base.discord": 27,
    "n8n-nodes-base.mySql": 30,
    "n8n-nodes-base.mySqlTool": 5,
    "n8n-nodes-base.whatsAppTrigger": 6,
    "n8n-nodes-base.convertKitTrigger": 2,
    "n8n-nodes-base.shopify": 4,
    "n8n-nodes-base.htmlExtract": 16,
    "n8n-nodes-base.functionItem": 39,
    "n8n-nodes-base.zoom": 4,
    "n8n-nodes-base.serviceNow": 2,
    "n8n-nodes-base.wordpress": 32,
    "@n8n/n8n-nodes-langchain.mcpTrigger": 12,
    "n8n-nodes-base.debugHelper": 2,
    "n8n-nodes-base.start": 3,
    "n8n-nodes-base.hunter": 4,
    "n8n-nodes-base.nextCloud": 8,
    "@n8n/n8n-nodes-langchain.textSplitterTokenSplitter": 26,
    "n8n-nodes-base.spreadsheetFile": 38,
    "n8n-nodes-base.errorTrigger": 17,
    "n8n-nodes-base.mondayCom": 13,
    "n8n-nodes-base.twilio": 17,
    "n8n-nodes-base.mailgun": 4,
    "n8n-nodes-base.writeBinaryFile": 20,
    "n8n-nodes-base.readBinaryFile": 30,
    "n8n-nodes-base.pushover": 3,
    "@n8n/n8n-nodes-langchain.lmChatMistralCloud": 3,
    "n8n-nodes-base.executeCommandTool": 3,
    "n8n-nodes-base.slackTrigger": 2,
    "@n8n/n8n-nodes-langchain.embeddingsCohere": 2,
    "@n8n/n8n-nodes-langchain.vectorStoreMilvus": 2,
    "@n8n/n8n-nodes-langchain.lmOpenAi": 4,
    "n8n-nodes-base.facebookTrigger": 1,
    "n8n-nodes-base.mattermost": 11,
    "@n8n/n8n-nodes-langchain.lmChatOllama": 7,
    "@n8n/n8n-nodes-langchain.code": 8,
    "CUSTOM.klicktippTrigger": 1,
    "CUSTOM.klicktipp": 1,
    "n8n-nodes-base.theHive": 6,
    "n8n-nodes-base.n8nTrainingCustomerDatastore": 9,
    "n8n-nodes-base.nasa": 2,
    "n8n-nodes-brightdata.brightData": 1,
    "n8n-nodes-document-generator.documentGenerator": 1,
    "n8n-nodes-base.s3": 5,
    "n8n-nodes-base.awsSes": 5,
    "n8n-nodes-base.uproc": 10,
    "n8n-nodes-base.mongoDb": 7,
    "n8n-nodes-document-generator.DocumentGenerator": 2,
    "n8n-nodes-base.raindrop": 1,
    "n8n-nodes-base.gitlab": 9,
    "n8n-nodes-base.homeAssistant": 1,
    "n8n-nodes-base.gitlabTrigger": 5,
    "n8n-nodes-base.odoo": 10,
    "n8n-nodes-base.wordpressTool": 2,
    "n8n-nodes-mcp.mcpClientTool": 13,
    "n8n-nodes-base.googleAnalytics": 29,
    "n8n-nodes-base.googleDriveTool": 4,
    "n8n-nodes-base.facebookGraphApi": 19,
    "n8n-nodes-base.interval": 4,
    "@custom-js/n8n-nodes-pdf-toolkit.websiteScreenshot": 1,
    "n8n-nodes-base.orbit": 7,
    "n8n-nodes-base.googleSlides": 5,
    "n8n-nodes-base.hubspotTrigger": 6,
    "n8n-nodes-base.googleTasks": 3,
    "n8n-nodes-base.googleTasksTool": 6,
    "n8n-nodes-base.telegramTool": 4,
    "n8n-nodes-evolution-api.evolutionApi": 3,
    "n8n-nodes-base.googleTranslate": 2,
    "n8n-nodes-base.amqp": 2,
    "n8n-nodes-base.awsSqs": 1,
    "n8n-nodes-base.googleBigQuery": 1,
    "n8n-nodes-base.googleFirebaseRealtimeDatabase": 1,
    "n8n-nodes-base.awsRekognition": 1,
    "n8n-nodes-base.rabbitmq": 1,
    "n8n-nodes-base.medium": 3,
    "n8n-nodes-base.highLevel": 2,
    "n8n-nodes-base.keap": 3,
    "n8n-nodes-base.sendInBlue": 1,
    "@horka.tv/n8n-nodes-storage-kv.keyValueStorage": 4,
    "n8n-nodes-base.rssFeedReadTrigger": 9,
    "n8n-nodes-base.stripeTrigger": 4,
    "n8n-nodes-base.quickbooks": 1,
    "n8n-nodes-base.bannerbear": 4,
    "n8n-nodes-base.rocketchat": 3,
    "n8n-nodes-base.timescaleDb": 1,
    "n8n-nodes-base.kafka": 1,
    "n8n-nodes-base.deepL": 1,
    "@n8n/n8n-nodes-langchain.manualChatTrigger": 5,
    "n8n-nodes-base.mailchimp": 5,
    "n8n-nodes-base.jiraTrigger": 3,
    "n8n-nodes-base.jiraTool": 2,
    "n8n-nodes-base.notionTool": 2,
    "n8n-nodes-base.lemlistTrigger": 3,
    "n8n-nodes-base.strava": 4,
    "n8n-nodes-youtube-transcription-dmr.youtubeTranscripter": 2,
    "n8n-nodes-base.redis": 45,
    "n8n-nodes-base.linkedIn": 20,
    "n8n-nodes-base.microsoftOneDrive": 9,
    "n8n-nodes-base.totp": 2,
    "n8n-nodes-base.copper": 6,
    "n8n-nodes-base.coda": 1,
    "n8n-nodes-base.chargebee": 1,
    "n8n-nodes-base.filemaker": 6,
    "n8n-nodes-base.googleBooks": 3,
    "n8n-nodes-base.iCal": 1,
    "n8n-nodes-base.storyblok": 2,
    "n8n-nodes-base.microsoftToDo": 5,
    "n8n-nodes-base.git": 4,
    "n8n-nodes-base.getResponse": 2,
    "n8n-nodes-base.googleCalendarTrigger": 4,
    "n8n-nodes-base.strapi": 3,
    "n8n-nodes-base.disqus": 1,
    "n8n-nodes-base.harvest": 1,
    "n8n-nodes-base.segment": 1,
    "n8n-nodes-base.drift": 1,
    "n8n-nodes-base.zulip": 2,
    "n8n-nodes-base.humanticAi": 6,
    "n8n-nodes-base.vero": 1,
    "n8n-nodes-base.awsTextract": 1,
    "n8n-nodes-base.salesmate": 1,
    "n8n-nodes-base.uplead": 1,
    "n8n-nodes-base.flow": 1,
    "n8n-nodes-base.sendy": 2,
    "n8n-nodes-base.quickbase": 3,
    "n8n-nodes-base.openThesaurus": 1,
    "n8n-nodes-base.pagerDuty": 3,
    "n8n-nodes-base.cortex": 2,
    "n8n-nodes-base.questDb": 2,
    "n8n-nodes-base.iterable": 3,
    "n8n-nodes-base.yourls": 2,
    "n8n-nodes-base.snowflake": 4,
    "n8n-nodes-base.twist": 3,
    "n8n-nodes-base.Brandfetch": 2,
    "n8n-nodes-base.sendGrid": 4,
    "n8n-nodes-base.salesforce": 10,
    "n8n-nodes-base.googleFirebaseCloudFirestore": 3,
    "n8n-nodes-base.wooCommerce": 5,
    "n8n-nodes-base.egoi": 3,
    "n8n-nodes-base.microsoftSql": 2,
    "@n8n/n8n-nodes-langchain.retrieverWorkflow": 2,
    "n8n-nodes-base.twake": 1,
    "n8n-nodes-base.phantombuster": 1,
    "n8n-nodes-base.googleContacts": 3,
    "n8n-nodes-base.gSuiteAdmin": 3,
    "n8n-nodes-base.convertKit": 3,
    "n8n-nodes-base.sentryIo": 2,
    "n8n-nodes-base.mailerLiteTrigger": 1,
    "n8n-nodes-base.customerIo": 2,
    "n8n-nodes-base.readBinaryFiles": 5,
    "@custom-js/n8n-nodes-pdf-toolkit.html2Pdf": 4,
    "@custom-js/n8n-nodes-pdf-toolkit.CompressPDF": 2,
    "@custom-js/n8n-nodes-pdf-toolkit.PdfToPng": 2,
    "n8n-nodes-base.activeCampaign": 1,
    "n8n-nodes-base.payPal": 1,
    "n8n-nodes-base.signl4": 6,
    "n8n-nodes-base.freshdesk": 3,
    "n8n-nodes-base.zammad": 4,
    "n8n-nodes-base.awsSns": 1,
    "n8n-nodes-base.awsLambda": 1,
    "n8n-nodes-base.msg91": 1,
    "n8n-nodes-base.cockpit": 1,
    "n8n-nodes-base.mailjet": 1,
    "n8n-nodes-base.travisCi": 1,
    "n8n-nodes-base.invoiceNinja": 1,
    "n8n-nodes-base.rundeck": 1,
    "n8n-nodes-base.xero": 1,
    "n8n-nodes-base.paddle": 1,
    "n8n-nodes-base.zohoCrm": 1,
    "n8n-nodes-base.box": 1,
    "n8n-nodes-base.trello": 6,
    "n8n-nodes-base.microsoftExcel": 1,
    "n8n-nodes-base.helpScout": 1,
    "n8n-nodes-base.mandrill": 1,
    "n8n-nodes-base.philipsHue": 1,
    "n8n-nodes-base.crateDb": 2,
    "n8n-nodes-base.mocean": 1,
    "n8n-nodes-base.contentful": 1,
    "n8n-nodes-base.unleashedSoftware": 1,
    "n8n-nodes-base.microsoftTeams": 8,
    "n8n-nodes-base.taiga": 3,
    "n8n-nodes-base.wekan": 5,
    "n8n-nodes-base.automizy": 4,
    "n8n-nodes-base.matrix": 5,
    "n8n-nodes-base.circleCi": 1,
    "n8n-nodes-base.messageBird": 1,
    "n8n-nodes-base.openWeatherMap": 15,
    "n8n-nodes-base.intercom": 1,
    "n8n-nodes-base.securityScorecard": 3,
    "n8n-nodes-base.sms77": 1,
    "n8n-nodes-base.discourse": 3,
    "n8n-nodes-base.stackby": 2,
    "n8n-nodes-base.peekalink": 2,
    "n8n-nodes-base.tapfiliate": 3,
    "n8n-nodes-base.affinity": 1,
    "n8n-nodes-base.mailerLite": 3,
    "n8n-nodes-netsuite.netsuite": 1,
    "@custom-js/n8n-nodes-pdf-toolkit.PdfToText": 2,
    "@custom-js/n8n-nodes-pdf-toolkit.mergePdfs": 1,
    "@searchapi/n8n-nodes-searchapi.searchApi": 1,
    "@n8n/n8n-nodes-langchain.textSplitterCharacterTextSplitter": 1,
    "@custom-js/n8n-nodes-pdf-toolkit.ExtractPages": 1,
    "n8n-nodes-base.microsoftOutlookTool": 4,
    "n8n-nodes-base.googleChat": 1,
    "n8n-nodes-base.plivo": 1,
    "n8n-nodes-base.line": 1,
    "n8n-nodes-base.gotify": 3,
    "n8n-nodes-base.spontit": 1,
    "n8n-nodes-base.pushcut": 1,
    "n8n-nodes-base.payPalTrigger": 1,
    "@n8n/n8n-nodes-langchain.anthropic": 21,
    "@n8n/n8n-nodes-langchain.googleGemini": 23,
    "n8n-nodes-base.perplexity": 2,
    "n8n-nodes-base.googleCloudNaturalLanguage": 4,
    "n8n-nodes-base.onfleet": 2,
    "n8n-nodes-base.twilioTrigger": 3,
    "n8n-nodes-base.gong": 1,
    "n8n-nodes-base.shopifyTrigger": 9,
    "n8n-nodes-base.onfleetTrigger": 2,
    "n8n-nodes-base.oneSimpleApi": 1,
    "n8n-nodes-nostrobots.nostrobotsread": 2,
    "n8n-nodes-base.baserowTool": 6,
    "n8n-nodes-youtube-transcription.youtubeTranscripter": 2,
    "n8n-nodes-ntfy.Ntfy": 1,
    "n8n-nodes-youtube-transcription-kasha.youtubeTranscripter": 1,
    "n8n-nodes-base.openWeatherMapTool": 1,
    "@n8n/n8n-nodes-langchain.embeddingsOllama": 1,
    "n8n-nodes-base.calTrigger": 1,
    "n8n-nodes-base.wooCommerceTool": 5,
    "n8n-nodes-base.trelloTrigger": 1,
    "n8n-nodes-base.pushcutTrigger": 1,
    "n8n-nodes-base.wooCommerceTrigger": 1,
    "n8n-nodes-base.demio": 1,
    "n8n-nodes-base.venafiTlsProtectCloud": 4,
    "n8n-nodes-base.theHiveProjectTrigger": 1,
    "n8n-nodes-base.theHiveProject": 7,
    "n8n-nodes-base.erpNext": 6,
    "@n8n/n8n-nodes-langchain.documentBinaryInputLoader": 1,
    "n8n-nodes-base.stopAndError": 3,
    "n8n-nodes-base.word": 1,
    "n8n-nodes-base.microsoftSharePoint": 4,
    "n8n-nodes-base.microsoftOneDriveTrigger": 1,
    "n8n-nodes-base.microsoftSharePointTrigger": 1,
    "n8n-nodes-base.qdrant": 1
  }
}