{
  "total_patterns": 6,
  "patterns": {
    "ai-agent": {
      "count": 274,
      "workflows": [
        {
          "id": "0681_Aggregate_HTTP_Create_Webhook",
          "name": "0681_Aggregate_HTTP_Create_Webhook",
          "file_path": "workflows\\Aggregate\\0681_Aggregate_HTTP_Create_Webhook.json"
        },
        {
          "id": "0762_Aggregate_Stickynote_Create_Triggered",
          "name": "0762_Aggregate_Stickynote_Create_Triggered",
          "file_path": "workflows\\Aggregate\\0762_Aggregate_Stickynote_Create_Triggered.json"
        },
        {
          "id": "0800_Aggregate_Telegram_Automate_Triggered",
          "name": "0800_Aggregate_Telegram_Automate_Triggered",
          "file_path": "workflows\\Aggregate\\0800_Aggregate_Telegram_Automate_Triggered.json"
        },
        {
          "id": "1404_Aggregate_Telegram_Automation_Triggered",
          "name": "DSP Agent",
          "file_path": "workflows\\Aggregate\\1404_Aggregate_Telegram_Automation_Triggered.json"
        },
        {
          "id": "1413_Aggregate_Telegram_Automation_Triggered",
          "name": "Dsp agent",
          "file_path": "workflows\\Aggregate\\1413_Aggregate_Telegram_Automation_Triggered.json"
        },
        {
          "id": "1576_Aggregate_Stickynote_Automate_Webhook",
          "name": "Ahrefs Keyword Research Workflow",
          "file_path": "workflows\\Aggregate\\1576_Aggregate_Stickynote_Automate_Webhook.json"
        },
        {
          "id": "1261_Airtabletool_Stickynote_Automation_Triggered",
          "name": "AI Social Media Caption Creator",
          "file_path": "workflows\\Airtabletool\\1261_Airtabletool_Stickynote_Automation_Triggered.json"
        },
        {
          "id": "1723_Airtabletool_Stickynote_Automation_Triggered",
          "name": "AI Social Media Caption Creator",
          "file_path": "workflows\\Airtabletool\\1723_Airtabletool_Stickynote_Automation_Triggered.json"
        },
        {
          "id": "1681_Airtoptool_Slack_Automation_Triggered",
          "name": "Airtop Web Agent",
          "file_path": "workflows\\Airtoptool\\1681_Airtoptool_Slack_Automation_Triggered.json"
        },
        {
          "id": "1060_Automate_Webhook",
          "name": "POC - Chatbot Order by Sheet Data",
          "file_path": "workflows\\Automate\\1060_Automate_Webhook.json"
        }
      ]
    },
    "scheduled-automation": {
      "count": 219,
      "workflows": [
        {
          "id": "1430_Aggregate_Schedule_Send_Scheduled",
          "name": "Email Summary Agent",
          "file_path": "workflows\\Aggregate\\1430_Aggregate_Schedule_Send_Scheduled.json"
        },
        {
          "id": "1544_Aggregate_Schedule_Send_Scheduled",
          "name": "Email Summary Agent",
          "file_path": "workflows\\Aggregate\\1544_Aggregate_Schedule_Send_Scheduled.json"
        },
        {
          "id": "0910_Bitly_Datetime_Update_Webhook",
          "name": "0910_Bitly_Datetime_Update_Webhook",
          "file_path": "workflows\\Bitly\\0910_Bitly_Datetime_Update_Webhook.json"
        },
        {
          "id": "0034_Code_Filter_Create_Scheduled",
          "name": "0034_Code_Filter_Create_Scheduled",
          "file_path": "workflows\\Code\\0034_Code_Filter_Create_Scheduled.json"
        },
        {
          "id": "0182_Code_GitHub_Create_Scheduled",
          "name": "0182_Code_GitHub_Create_Scheduled",
          "file_path": "workflows\\Code\\0182_Code_GitHub_Create_Scheduled.json"
        },
        {
          "id": "0288_Code_Schedule_Create_Webhook",
          "name": "0288_Code_Schedule_Create_Webhook",
          "file_path": "workflows\\Code\\0288_Code_Schedule_Create_Webhook.json"
        },
        {
          "id": "0308_Code_Schedule_Automate_Scheduled",
          "name": "0308_Code_Schedule_Automate_Scheduled",
          "file_path": "workflows\\Code\\0308_Code_Schedule_Automate_Scheduled.json"
        },
        {
          "id": "0370_Code_Schedule_Create_Webhook",
          "name": "0370_Code_Schedule_Create_Webhook",
          "file_path": "workflows\\Code\\0370_Code_Schedule_Create_Webhook.json"
        },
        {
          "id": "0391_Code_Filter_Create_Scheduled",
          "name": "0391_Code_Filter_Create_Scheduled",
          "file_path": "workflows\\Code\\0391_Code_Filter_Create_Scheduled.json"
        },
        {
          "id": "0397_Code_Schedule_Import_Scheduled",
          "name": "0397_Code_Schedule_Import_Scheduled",
          "file_path": "workflows\\Code\\0397_Code_Schedule_Import_Scheduled.json"
        }
      ]
    },
    "structured-extraction": {
      "count": 105,
      "workflows": [
        {
          "id": "0472_Aggregate_Gmail_Create_Triggered",
          "name": "0472_Aggregate_Gmail_Create_Triggered",
          "file_path": "workflows\\Aggregate\\0472_Aggregate_Gmail_Create_Triggered.json"
        },
        {
          "id": "0762_Aggregate_Stickynote_Create_Triggered",
          "name": "0762_Aggregate_Stickynote_Create_Triggered",
          "file_path": "workflows\\Aggregate\\0762_Aggregate_Stickynote_Create_Triggered.json"
        },
        {
          "id": "1324_Aggregate_Gmail_Send_Triggered",
          "name": "1324_Aggregate_Gmail_Send_Triggered",
          "file_path": "workflows\\Aggregate\\1324_Aggregate_Gmail_Send_Triggered.json"
        },
        {
          "id": "0756_Airtable_Create_Triggered",
          "name": "0756_Airtable_Create_Triggered",
          "file_path": "workflows\\Airtable\\0756_Airtable_Create_Triggered.json"
        },
        {
          "id": "1681_Airtoptool_Slack_Automation_Triggered",
          "name": "Airtop Web Agent",
          "file_path": "workflows\\Airtoptool\\1681_Airtoptool_Slack_Automation_Triggered.json"
        },
        {
          "id": "0910_Bitly_Datetime_Update_Webhook",
          "name": "0910_Bitly_Datetime_Update_Webhook",
          "file_path": "workflows\\Bitly\\0910_Bitly_Datetime_Update_Webhook.json"
        },
        {
          "id": "0577_Code_Editimage_Update_Webhook",
          "name": "0577_Code_Editimage_Update_Webhook",
          "file_path": "workflows\\Code\\0577_Code_Editimage_Update_Webhook.json"
        },
        {
          "id": "0709_Code_HTTP_Create_Webhook",
          "name": "0709_Code_HTTP_Create_Webhook",
          "file_path": "workflows\\Code\\0709_Code_HTTP_Create_Webhook.json"
        },
        {
          "id": "0777_Code_Filter_Automation_Webhook",
          "name": "mails2notion V2",
          "file_path": "workflows\\Code\\0777_Code_Filter_Automation_Webhook.json"
        },
        {
          "id": "0787_Code_GoogleCalendar_Create_Webhook",
          "name": "0787_Code_GoogleCalendar_Create_Webhook",
          "file_path": "workflows\\Code\\0787_Code_GoogleCalendar_Create_Webhook.json"
        }
      ]
    },
    "document-processing": {
      "count": 80,
      "workflows": [
        {
          "id": "0910_Bitly_Datetime_Update_Webhook",
          "name": "0910_Bitly_Datetime_Update_Webhook",
          "file_path": "workflows\\Bitly\\0910_Bitly_Datetime_Update_Webhook.json"
        },
        {
          "id": "0600_Code_Extractfromfile_Create_Webhook",
          "name": "0600_Code_Extractfromfile_Create_Webhook",
          "file_path": "workflows\\Code\\0600_Code_Extractfromfile_Create_Webhook.json"
        },
        {
          "id": "0686_Code_Webhook_Update_Webhook",
          "name": "0686_Code_Webhook_Update_Webhook",
          "file_path": "workflows\\Code\\0686_Code_Webhook_Update_Webhook.json"
        },
        {
          "id": "0696_Code_Webhook_Create_Webhook",
          "name": "0696_Code_Webhook_Create_Webhook",
          "file_path": "workflows\\Code\\0696_Code_Webhook_Create_Webhook.json"
        },
        {
          "id": "0851_Code_Extractfromfile_Monitor_Triggered",
          "name": "0851_Code_Extractfromfile_Monitor_Triggered",
          "file_path": "workflows\\Code\\0851_Code_Extractfromfile_Monitor_Triggered.json"
        },
        {
          "id": "1257_Code_Webhook_Automation_Webhook",
          "name": "1257_Code_Webhook_Automation_Webhook",
          "file_path": "workflows\\Code\\1257_Code_Webhook_Automation_Webhook.json"
        },
        {
          "id": "1301_Code_Extractfromfile_Automation_Triggered",
          "name": "Amazon Ads AI Optimization",
          "file_path": "workflows\\Code\\1301_Code_Extractfromfile_Automation_Triggered.json"
        },
        {
          "id": "1356_Code_Webhook_Import_Webhook",
          "name": "Bitrix24 Task Form Widget Application Workflow example with Webhook Integration",
          "file_path": "workflows\\Code\\1356_Code_Webhook_Import_Webhook.json"
        },
        {
          "id": "1726_Code_Webhook_Automation_Webhook",
          "name": "Docsify example",
          "file_path": "workflows\\Code\\1726_Code_Webhook_Automation_Webhook.json"
        },
        {
          "id": "1761_Code_Extractfromfile_Automate_Triggered",
          "name": "Automated Image Metadata Tagging",
          "file_path": "workflows\\Code\\1761_Code_Extractfromfile_Automate_Triggered.json"
        }
      ]
    },
    "email-to-database": {
      "count": 19,
      "workflows": [
        {
          "id": "0571_Code_Webhook_Send_Webhook",
          "name": "0571_Code_Webhook_Send_Webhook",
          "file_path": "workflows\\Code\\0571_Code_Webhook_Send_Webhook.json"
        },
        {
          "id": "0658_Code_Schedule_Create_Scheduled",
          "name": "0658_Code_Schedule_Create_Scheduled",
          "file_path": "workflows\\Code\\0658_Code_Schedule_Create_Scheduled.json"
        },
        {
          "id": "0777_Code_Filter_Automation_Webhook",
          "name": "mails2notion V2",
          "file_path": "workflows\\Code\\0777_Code_Filter_Automation_Webhook.json"
        },
        {
          "id": "1331_Code_Schedule_Automate_Webhook",
          "name": "Automate Pinterest Analysis & AI-Powered Content Suggestions With Pinterest API",
          "file_path": "workflows\\Code\\1331_Code_Schedule_Automate_Webhook.json"
        },
        {
          "id": "1337_Code_Schedule_Automate_Webhook",
          "name": "Automate Pinterest Analysis & AI-Powered Content Suggestions With Pinterest API",
          "file_path": "workflows\\Code\\1337_Code_Schedule_Automate_Webhook.json"
        },
        {
          "id": "1428_Code_Schedule_Send_Scheduled",
          "name": "1428_Code_Schedule_Send_Scheduled",
          "file_path": "workflows\\Code\\1428_Code_Schedule_Send_Scheduled.json"
        },
        {
          "id": "1429_Code_Schedule_Send_Scheduled",
          "name": "1429_Code_Schedule_Send_Scheduled",
          "file_path": "workflows\\Code\\1429_Code_Schedule_Send_Scheduled.json"
        },
        {
          "id": "1644_Code_Schedule_Automation_Scheduled",
          "name": "UTM Link Creator & QR Code Generator with Scheduled Google Analytics Reports",
          "file_path": "workflows\\Code\\1644_Code_Schedule_Automation_Scheduled.json"
        },
        {
          "id": "1710_Code_Schedule_Automation_Scheduled",
          "name": "UTM Link Creator & QR Code Generator with Scheduled Google Analytics Reports",
          "file_path": "workflows\\Code\\1710_Code_Schedule_Automation_Scheduled.json"
        },
        {
          "id": "1861_Code_Form_Automation_Triggered",
          "name": "Streamline data from an n8n form into Google Sheet and Airtable",
          "file_path": "workflows\\Code\\1861_Code_Form_Automation_Triggered.json"
        }
      ]
    },
    "ai-content-generation": {
      "count": 16,
      "workflows": [
        {
          "id": "0847_Linkedin_Splitout_Create_Triggered",
          "name": "0847_Linkedin_Splitout_Create_Triggered",
          "file_path": "workflows\\Linkedin\\0847_Linkedin_Splitout_Create_Triggered.json"
        },
        {
          "id": "1121_Linkedin_Wait_Create_Webhook",
          "name": "Hacker News to Video Template - AlexK1919",
          "file_path": "workflows\\Linkedin\\1121_Linkedin_Wait_Create_Webhook.json"
        },
        {
          "id": "1280_Linkedin_Telegram_Automation_Scheduled",
          "name": "Social Media AI Agent - Telegram",
          "file_path": "workflows\\Linkedin\\1280_Linkedin_Telegram_Automation_Scheduled.json"
        },
        {
          "id": "1330_Linkedin_Schedule_Automate_Webhook",
          "name": "Automate LinkedIn Posts with AI",
          "file_path": "workflows\\Linkedin\\1330_Linkedin_Schedule_Automate_Webhook.json"
        },
        {
          "id": "1342_Linkedin_Telegram_Automate_Webhook",
          "name": "✨🩷Automated Social Media Content Publishing Factory + System Prompt Composition",
          "file_path": "workflows\\Linkedin\\1342_Linkedin_Telegram_Automate_Webhook.json"
        },
        {
          "id": "1491_Linkedin_Wait_Create_Webhook",
          "name": "Hacker News to Video Template - AlexK1919",
          "file_path": "workflows\\Linkedin\\1491_Linkedin_Wait_Create_Webhook.json"
        },
        {
          "id": "1709_Linkedin_Wordpress_Automation_Webhook",
          "name": "AI Social Media Publisher from WordPress",
          "file_path": "workflows\\Linkedin\\1709_Linkedin_Wordpress_Automation_Webhook.json"
        },
        {
          "id": "1782_Linkedin_Telegram_Automation_Scheduled",
          "name": "Social Media AI Agent - Telegram",
          "file_path": "workflows\\Linkedin\\1782_Linkedin_Telegram_Automation_Scheduled.json"
        },
        {
          "id": "1807_Linkedin_Googledocs_Automate_Webhook",
          "name": "✨🩷Automated Social Media Content Publishing Factory + System Prompt Composition",
          "file_path": "workflows\\Linkedin\\1807_Linkedin_Googledocs_Automate_Webhook.json"
        },
        {
          "id": "1922_Linkedin_Schedule_Automate_Webhook",
          "name": "Automate LinkedIn Posts with AI",
          "file_path": "workflows\\Linkedin\\1922_Linkedin_Schedule_Automate_Webhook.json"
        }
      ]
    }
  }
}