{
  "email-processing": [
    "0472_Aggregate_Gmail_Create_Triggered",
    "1324_Aggregate_Gmail_Send_Triggered",
    "1430_Aggregate_Schedule_Send_Scheduled",
    "1544_Aggregate_Schedule_Send_Scheduled",
    "0910_Bitly_Datetime_Update_Webhook",
    "0298_Code_Readpdf_Send_Triggered",
    "0299_Code_Webhook_Create_Webhook",
    "0379_Code_Pipedrive_Create_Triggered",
    "0415_Code_GoogleCalendar_Create_Webhook",
    "0437_Code_Filter_Create_Scheduled"
  ],
  "content-automation": [
    "0910_Bitly_Datetime_Update_Webhook",
    "0847_Linkedin_Splitout_Create_Triggered",
    "1121_Linkedin_Wait_Create_Webhook",
    "1280_Linkedin_Telegram_Automation_Scheduled",
    "1330_Linkedin_Schedule_Automate_Webhook",
    "1342_Linkedin_Telegram_Automate_Webhook",
    "1491_Linkedin_Wait_Create_Webhook",
    "1709_Linkedin_Wordpress_Automation_Webhook",
    "1782_Linkedin_Telegram_Automation_Scheduled",
    "1807_Linkedin_Googledocs_Automate_Webhook"
  ],
  "document-analysis": [
    "0910_Bitly_Datetime_Update_Webhook",
    "0600_Code_Extractfromfile_Create_Webhook",
    "0686_Code_Webhook_Update_Webhook",
    "0696_Code_Webhook_Create_Webhook",
    "0851_Code_Extractfromfile_Monitor_Triggered",
    "1257_Code_Webhook_Automation_Webhook",
    "1301_Code_Extractfromfile_Automation_Triggered",
    "1356_Code_Webhook_Import_Webhook",
    "1726_Code_Webhook_Automation_Webhook",
    "1761_Code_Extractfromfile_Automate_Triggered"
  ],
  "data-integration": [],
  "ai-agents": [
    "0681_Aggregate_HTTP_Create_Webhook",
    "0762_Aggregate_Stickynote_Create_Triggered",
    "0800_Aggregate_Telegram_Automate_Triggered",
    "1404_Aggregate_Telegram_Automation_Triggered",
    "1413_Aggregate_Telegram_Automation_Triggered",
    "1576_Aggregate_Stickynote_Automate_Webhook",
    "1261_Airtabletool_Stickynote_Automation_Triggered",
    "1723_Airtabletool_Stickynote_Automation_Triggered",
    "1681_Airtoptool_Slack_Automation_Triggered",
    "1060_Automate_Webhook"
  ]
}